date,open,high,low,close,volume
2026-09-21 03:45:00+00:00,101,101.2,100.8,101,1000
2026-09-21 03:50:00+00:00,101,101.2,100.8,101,1000
2026-09-21 03:55:00+00:00,101,101.2,100.8,101,1000
2026-09-21 04:00:00+00:00,101,101.2,100.8,101,1000
2026-09-21 04:05:00+00:00,101,101.2,100.8,101,1000
2026-09-21 04:10:00+00:00,101,101.2,100.8,101,1000
2026-09-21 04:15:00+00:00,101,101.2,100.8,101,1000
2026-09-21 04:20:00+00:00,98,98.2,97.8,98,1000
2026-09-21 04:25:00+00:00,98,98.2,97.8,98,1000
2026-09-21 04:30:00+00:00,101,101.2,100.8,101,1000
2026-09-21 04:35:00+00:00,101,101.2,100.8,101,1000
2026-09-21 09:45:00+00:00,102,102.2,101.8,102,1000
2026-09-22 03:45:00+00:00,101,101.2,100.8,101,1000
2026-09-22 03:50:00+00:00,101,101.2,100.8,101,1000
2026-09-22 03:55:00+00:00,101,101.2,100.8,101,1000
2026-09-22 04:00:00+00:00,101,101.2,100.8,101,1000
2026-09-22 04:05:00+00:00,101,101.2,100.8,101,1000
2026-09-22 04:10:00+00:00,101,101.2,100.8,101,1000
2026-09-22 04:15:00+00:00,101,101.2,100.8,101,1000
2026-09-22 04:20:00+00:00,98,98.2,97.8,98,1000
2026-09-22 04:25:00+00:00,98,98.2,97.8,98,1000
2026-09-22 04:30:00+00:00,101,101.2,100.8,101,1000
2026-09-22 04:35:00+00:00,101,101.2,100.8,101,1000
2026-09-22 09:45:00+00:00,102,102.2,101.8,102,1000
2026-09-23 03:45:00+00:00,101,101.2,100.8,101,1000
2026-09-23 03:50:00+00:00,101,101.2,100.8,101,1000
2026-09-23 03:55:00+00:00,101,101.2,100.8,101,1000
2026-09-23 04:00:00+00:00,101,101.2,100.8,101,1000
2026-09-23 04:05:00+00:00,101,101.2,100.8,101,1000
2026-09-23 04:10:00+00:00,101,101.2,100.8,101,1000
2026-09-23 04:15:00+00:00,101,101.2,100.8,101,1000
2026-09-23 04:20:00+00:00,98,98.2,97.8,98,1000
2026-09-23 04:25:00+00:00,98,98.2,97.8,98,1000
2026-09-23 04:30:00+00:00,101,101.2,100.8,101,1000
2026-09-23 04:35:00+00:00,101,101.2,100.8,101,1000
2026-09-23 09:45:00+00:00,102,102.2,101.8,102,1000
